{"cameraMode":{"drawMode":0,"name":"Shaded","section":"Shading Mode"},"sceneLighting":false,"audioPlay":false,"sceneViewState":{"m_AlwaysRefresh":false,"showFog":true,"showSkybox":false,"showFlares":true,"showImageEffects":true,"showParticleSystems":true,"showVisualEffectGraphs":true,"m_FxEnabled":true},"in2DMode":false,"pivot":{"x":233.3000030517578,"y":3.4000000953674318,"z":255.89999389648438},"rotation":{"x":0.0046679736115038399,"y":0.9383320212364197,"z":-0.34549763798713686,"w":0.012679110281169415},"size":5.995996952056885,"orthographic":false}